dataset,shape,num_samples,window_length,mean,std,variance,min,max,median,skewness,kurtosis
real,"(5200, 30)",5200,30,-1.0367598022552417e-05,0.9991429281117716,0.9982865907957648,-10.164373192046163,8.700062410756443,0.03392004747260572,-0.38806674716545725,11.05337522813035
synthetic,"(5200, 30)",5200,30,-0.010159749537706375,1.1815543174743652,1.3960707187652588,-91.12089538574219,56.612876892089844,0.025417625904083252,-5.462871551513672,476.9097900390625
wasserstein_distance,ks_statistic,ks_pvalue,mmd_rbf,pearson_correlation,pearson_pvalue,mean_absolute_difference,rmse
0.05948708044866019,0.040871794871794875,1.1774519827426803e-113,0.0006077976712459687,-0.002086277902830004,0.4099349888083271,1.0193373286084861,1.5489952408212135
